side,avg_fair_prob,actual_win_rate,calibration_gap_pp,games
away,0.411952593857465,0.41321897073663,0.00126637687916442,19820
home,0.588047406142535,0.58678102926337,-0.00126637687916442,19820
